"axis";"value"
"SuccShots";0.318181818181818
"SuccDribbles";0.56
"SuccPasses";0.795031055900621
"SuccAir";0.47887323943662
"SuccTacles";0.857142857142857
